metric,value
regression_year,2022.0
n_obs,73.0
r_squared,0.07644730868460958
adj_r_squared,0.03629284384481002
f_statistic,1.9038308439573055
f_pvalue,0.1370530659969268
