,share_online,income_pc,online_buyers_pct,cashless_payments_index
share_online,1.0,0.20133490152055866,0.08523419126037476,0.243524033335269
income_pc,0.20133490152055866,1.0,0.32598329019620453,0.4017391580317336
online_buyers_pct,0.08523419126037476,0.32598329019620453,1.0,-0.08041608367774392
cashless_payments_index,0.243524033335269,0.4017391580317336,-0.08041608367774392,1.0
